Accuracy,Precision,Recall,F-Score,AUC,Average Log Loss,Training Log Loss
0.855855855855856,0.746116764863417,0.598624838848303,0.664282308059132,0.9072264917191,0.316245325550004,42.3989942108059
