Class,Predicted as "<=50K",Predicted as ">50K",Average Log Loss,Precision,Recall
<=50K,6931,517,0.185207133022084,0.88383065544504,0.930585392051557
>50K,911,1409,0.735170437176014,0.731568016614746,0.607327586206897
