Class,Predicted as "<=50K",Predicted as ">50K",Average Log Loss,Precision,Recall
<=50K,6835,606,0.261859403237113,0.88939492517892,0.918559333422927
>50K,850,1477,1.93586922626647,0.70907345175228,0.634722819080361
