Accuracy,Precision,Recall,F-Score,AUC,Average Log Loss,Training Log Loss
0.841318591318591,0.691733067729084,0.598706896551724,0.641866913123845,0.891244149088855,0.340823879836586,37.8277574079418
