Mean Absolute Error,Root Mean Squared Error,Relative Absolute Error,Relative Squared Error,Coefficient of Determination
0.18712482410523,0.297092163653513,0.51663646782075,0.487378135620952,0.512621864379048
